asin,title,brand,price_inr,mrp_inr,rating,review_count,sponsored,badge,search_query
B09WKHR9PC,BEARDO,Up to 5% back with Amazon Pay ICICI card,148.0,74.0,4.2,986.0,False,,ustraa body wash
B0CRR7PNQ6,Dettol,Nourishing,230.0,46.0,4.3,986.0,False,,the man company body wash
B0C785WGSG,mcaffeine,Tan Removal,523.0,87.0,4.1,985.0,False,,ustraa body wash
B0CSKBCMHX,Fiama,Moisturizing,318.0,22.0,4.4,985.0,False,,fiama men body wash
B0BHTRKM3R,Dove,Up to 5% back with Amazon Pay ICICI card,369.0,36.0,4.3,971.0,False,,dove men care body wash
B0BHTQH126,Dove,Up to 5% back with Amazon Pay ICICI card,398.0,39.0,4.3,968.0,False,,dove men care body wash
B0BDV8LKZL,BEARDO,Up to 5% back with Amazon Pay ICICI card,414.0,103.0,4.4,960.0,False,Supersaver,beardo body wash
B0F4XVRH3M,GHAR SOAPS,Up to 5% back with Amazon Pay ICICI card,261.0,104.0,4.2,958.0,False,,bombay shaving company body wash
B09RPS1XVC,Khadi Natural,Soothing,187.0,89.0,4.2,956.0,False,,bombay shaving company body wash
B09KH93NKW,BEARDO,Cleansing,399.0,798.0,3.9,953.0,False,,beardo body wash
B08PXHBCSK,Fiama,Moisturizing,354.0,597.0,4.4,924.0,False,,fiama men body wash
B0B1M8SZVB,Fiama,No featured offers available,,,4.4,903.0,False,,fiama men body wash
B0C81GB721,Dove,Menthol,662.0,101.0,4.2,902.0,False,,dove men care body wash
B07XQCTKKJ,Dr Teal's,Revitalizing,845.0,119.0,4.7,899.0,False,Limited time deal,old spice body wash
B0BHTS4Z6T,AXE,Moisturizing,119.0,47.0,4.1,870.0,False,,ustraa body wash
B00NB2670Q,SebaMed,Cleansing,648.0,324.0,4.5,858.0,False,,old spice body wash
B00DRE5J5M,SebaMed,Smoothening,634.0,317.0,4.5,858.0,False,,dove men care body wash
B0DFCK7CB4,Dove,No featured offers available,,,4.3,856.0,False,,beardo body wash
B08RDZCRYK,Fiama,Moisturizing,129.0,51.0,4.4,846.0,False,,fiama men body wash
B0CSK9HMM6,Fiama,Moisturizing,300.0,21.0,4.3,843.0,False,,nivea men body wash
B0DNMGKY6G,BEARDO,Save extra with Cashback,134.0,67.0,4.1,824.0,False,,beardo body wash
B0CSKD33LS,Fiama,"Cleansing,Skin Care",300.0,21.0,4.3,812.0,False,Supersaver,fiama men body wash
B0F1D5D299,BEARDO,Save extra with Cashback,85.0,114.0,3.8,795.0,False,,beardo body wash
B0DVSLW9SP,Cinthol,Up to 5% back with Amazon Pay ICICI card,88.0,44.0,4.3,779.0,False,,old spice body wash
B07DQLR965,Ustraa,Hydrating,,,4.0,772.0,False,,ustraa body wash
B097TSLLZ5,Aramusk,Cleansing,149.0,59.0,4.2,761.0,False,,ustraa body wash
B097TRL9MZ,Aramusk,Cleansing,125.0,50.0,4.2,761.0,False,,the man company body wash
B00EUA3CHO,Gatsby,Revitalizing,549.0,91.0,4.3,753.0,False,,beardo body wash
B07Q15ZH51,NIVEA,Moisturizing,290.0,290.0,4.1,752.0,False,,nivea men body wash
B0C5Y13GZB,Hoop,Hydrating,396.0,132.0,4.5,743.0,False,,old spice body wash
B0CNH1RJQT,Dove Refreshing Extra Fresh with 24-Hour Nourishing Body Wash for Men 3 oz,Nourishing,780.0,886.0,4.6,691.0,False,,dove men care body wash
B08MTY6QN9,Brut,freshening,134.0,26.0,4.0,686.0,False,,bombay shaving company body wash
B08CC8F5VL,BEARDO,Brightening,236.0,118.0,4.2,680.0,False,,the man company body wash
B09RK8JWF1,BEARDO,Moisturizing,398.0,79.0,4.2,679.0,False,,beardo body wash
B0BHTPGYM3,AXE,Moisturizing,107.0,43.0,4.1,670.0,False,,the man company body wash
B0BKJY9TN5,Man Matters,Cleansing,249.0,99.0,4.2,665.0,False,,nivea men body wash
B00GZNCTVY,Dove Men+Care,"Hydrating,Moisturizing",,,4.0,651.0,False,,dove men care body wash
B0B3DB9TQN,BEARDO,Skin Care,330.0,165.0,4.1,643.0,False,,ustraa body wash
B0DWK5FFF7,BEARDO,Save extra with Cashback,549.0,91.0,4.1,643.0,False,,beardo body wash
B0D7YTM87T,Mamaearth,Moisturizing,209.0,76.0,4.2,637.0,False,,bombay shaving company body wash
B0DHHCVYMQ,Mamaearth,Keeping Skin Hydreated,214.0,77.0,4.2,637.0,False,,ustraa body wash
B0DM237LQ3,ST. D'VENCE Refreshing Ocean Drop Salicylic Acid Body Wash Shower Gel For Women & Men with Seaweed & Vegan Collagen | Paraben & Sls Free | Exfoliating Body Wash For Dry Skin - 300 ml,Up to 5% back with Amazon Pay ICICI card,449.0,149.0,4.3,630.0,False,,ustraa body wash
B0DM25RD3Y,ST. D'VENCE Refreshing Ocean Drop Salicylic Acid Body Wash Shower Gel For Women & Men with Seaweed & Vegan Collagen | Paraben & Sls Free | Exfoliating Body Wash For Dry Skin - 700 ml,Up to 5% back with Amazon Pay ICICI card,699.0,99.0,4.3,630.0,False,,dove men care body wash
B0CP5YCJQ3,SANTOOR,Moisturizing,85.0,34.0,4.3,597.0,False,,fiama men body wash
B0BQJCJYWB,Fiama,Moisturizing,129.0,51.0,4.3,595.0,False,,the man company body wash
B08GY89L6M,The Man Company,Up to 5% back with Amazon Pay ICICI card,1299.0,2792.0,3.9,579.0,False,,the man company body wash
B0BQJD4WL6,Fiama,Moisturizing,129.0,51.0,4.2,575.0,False,Limited time deal,fiama men body wash
B0CYHGY4S6,Mannlich,Acne Prevention,286.0,95.0,4.3,568.0,False,,beardo body wash
B0D6LWM8B6,Mannlich,Tan Removal,286.0,95.0,4.3,568.0,False,,nivea men body wash
B0BHTP2GVQ,AXE,Moisturizing,96.0,38.0,4.2,556.0,False,,beardo body wash
B0C2YJ9BTJ,Just Herbs,Brightening,280.0,93.0,4.3,549.0,False,,nivea men body wash
B0B1M86YD9,Fiama,Currently unavailable.,,,4.2,542.0,False,,nivea men body wash
B06Y613KXP,The Man Company,Exfoliating,499.0,199.0,3.8,513.0,False,,the man company body wash
B0C3ZZPXQ8,Biotique,Radiant Skin,164.0,82.0,4.2,503.0,False,,bombay shaving company body wash
B0C2ZKP4HZ,Ustraa,Up to 5% back with Amazon Pay ICICI card,253.0,101.0,4.3,468.0,False,Limited time deal,ustraa body wash
B00KZ24S5Q,Dove Men + Care Extra Fresh Cooling Agent Body & Face Wash (400ml),Hydrating,,,4.0,459.0,False,,dove men care body wash
B07CJZ915F,Fiama,Up to 5% back with Amazon Pay ICICI card,116.0,116.0,3.8,450.0,False,,fiama men body wash
B0D4DZZG9M,Neude,5% off coupon appliedSave 5%with coupon,240.0,96.0,4.4,444.0,False,Limited time deal,beardo body wash
B0D12S2B75,Palmolive,Up to 5% back with Amazon Pay ICICI card,253.0,33.0,4.4,442.0,False,Supersaver,dove men care body wash
B0BCZ3Q3V1,Chemist at Play,Nourishing,419.0,88.0,4.1,434.0,False,,bombay shaving company body wash
B07PR95YNY,Sairo,Up to 5% back with Amazon Pay ICICI card,599.0,79.0,4.1,429.0,False,,the man company body wash
B0DB7NGLXD,Bepanthen,Hydrating,319.0,319.0,4.7,422.0,False,,old spice body wash
B0DFBTR17S,Dove,Up to 5% back with Amazon Pay ICICI card,258.0,258.0,4.2,420.0,False,,dove men care body wash
B0C77FCYMT,BEARDO,Cleansing,399.0,399.0,4.2,417.0,False,,beardo body wash
B0BPGGSZ27,The Man Company,Hydrating,213.0,106.0,4.1,411.0,False,,the man company body wash
B0BT53PH19,Dermafique,Hydrating,375.0,75.0,4.3,400.0,False,,bombay shaving company body wash
B0DFCCGKN7,Dove,Moisturizing,241.0,241.0,4.0,399.0,False,,dove men care body wash
B0BHTPYRPW,AXE,Moisturizing,119.0,47.0,4.0,387.0,False,,old spice body wash
B08Q47HXWF,NMFe Moisturising Body Wash 450 ml with Aloevera and Oat milk for Daily Bathing | for Regular or Daily Bathing | Restores skin moisture to maintain skin health and prevent dry skin | For Both Men and Women,Moisturizing,935.0,207.0,4.4,386.0,False,,old spice body wash
B0C9ZWKL4J,"Bacne Control Body Wash, 2% Salicylic Acid, 1% Niacinamide 300ml (Pack of 1), Relieves Body Acne, Exfoliates and Nourishes Skin, SLS & Paraben Free, For Men & Women",Moisturizing,429.0,143.0,4.4,386.0,False,,old spice body wash
B0CWKTLF9Y,Dove,Brightening/Fairness,261.0,104.0,4.3,386.0,False,,dove men care body wash
B07NJYBX1T,Old Spice,"Moisturizing,Revitalizes",999.0,249.0,4.6,382.0,False,,bombay shaving company body wash
B0C2HGXN9P,The Man Company,Hydrating,204.0,102.0,4.0,380.0,False,,ustraa body wash
B0FJ2JHL43,PROWL,Up to 5% back with Amazon Pay ICICI card,223.0,89.0,4.8,364.0,False,,bombay shaving company body wash
B01MT8N4RD,Dove,Cleansing,8452.0,608.0,4.7,353.0,False,,dove men care body wash
B0BT54YZ27,Dermafique,Moisturizing,486.0,97.0,4.3,348.0,False,Limited time deal,dove men care body wash
B08XQQ2TQY,THE LOVE CO.,Moisturizing,444.0,177.0,4.0,348.0,False,,ustraa body wash
B0CWV98FQN,Elovera,"Hydrating, Nourishing",598.0,239.0,4.5,347.0,False,,dove men care body wash
B0CX5BMNK6,Old Spice,Up to 5% back with Amazon Pay ICICI card,799.0,199.0,4.5,346.0,False,,bombay shaving company body wash
B0CQD1TVXH,Palmolive,Up to 5% back with Amazon Pay ICICI card,155.0,62.0,4.4,345.0,False,,old spice body wash
B0CSKCMFCV,Fiama,"Cleansing, Glow",300.0,21.0,4.4,334.0,False,,fiama men body wash
B0CKX5GSQM,Arata,Moisturizing,,,4.0,331.0,False,,nivea men body wash
B0F9YT9JML,BELLAVITA,Up to 5% back with Amazon Pay ICICI card,179.0,89.0,3.9,329.0,False,,ustraa body wash
B0BHTSVD56,AXE,"Moisturizing,Nourishing",119.0,47.0,4.1,326.0,False,,old spice body wash
B0BKPT6CVD,The Man Company,Brightening,204.0,102.0,4.0,318.0,False,,bombay shaving company body wash
B0GQTCMPYM,HIVADO,Up to 5% back with Amazon Pay ICICI card,495.0,198.0,4.3,300.0,False,,ustraa body wash
B0DG5FRBH7,BEARDO,Save extra with Cashback,599.0,249.0,4.3,299.0,False,,beardo body wash
B0BZWB4FX8,THE LOVE CO.,Brightening,331.0,132.0,4.0,287.0,False,,old spice body wash
B0BHTT9XK6,AXE,Moisturizing,219.0,54.0,4.1,281.0,False,,nivea men body wash
B0DK5RDXYQ,Plum,2% off coupon appliedSave 2%with coupon,285.0,118.0,4.4,280.0,False,,bombay shaving company body wash
B0BDS8D3M3,BEARDO,Oil Control,364.0,121.0,4.2,278.0,False,Supersaver,bombay shaving company body wash
B08KQCV971,The Man Company,Oil Control,1199.0,599.0,3.8,276.0,False,,the man company body wash
B0B6CNGL9Q,Fiama,Up to 5% back with Amazon Pay ICICI card,259.0,51.0,4.4,273.0,False,Limited time deal,fiama men body wash
B0FH2LXKLS,mcaffeine,"Brightening, Tan Removal",380.0,126.0,4.4,272.0,False,,the man company body wash
B09KXTKDWF,"Mancode Hydro Body Wash For Men 450ml, 3 In 1 Active Body Wash For Body, Shower Gel For Men, Bodywash, Face And Hair With Refreshing Menthol And Natural Oils Extract",Soothing,199.0,44.0,4.0,271.0,False,,ustraa body wash
B0CKX3ML43,Arata,Moisturizing,,,4.1,262.0,False,,beardo body wash
B0CVMYWW9L,Dermafique,Up to 5% back with Amazon Pay ICICI card,445.0,89.0,4.4,251.0,False,,the man company body wash
B0D12SKXKW,Palmolive,Up to 5% back with Amazon Pay ICICI card,290.0,38.0,4.4,242.0,False,Supersaver,fiama men body wash
B0C3RDW3HC,Fiama,Soothing,,,4.4,241.0,False,,fiama men body wash
B004AI50PS,"Dove Men +Care Body & Face Wash, Clean Comfort, 13.5",Moisturizing,2377.0,621.0,4.6,226.0,False,,dove men care body wash
B0B1TV5R6R,The Man Company,Up to 5% back with Amazon Pay ICICI card,300.0,150.0,3.8,217.0,False,,bombay shaving company body wash
B0B7F3SJJ8,Vedic Valley,Brightening,537.0,162.0,4.0,214.0,False,Ends in,ustraa body wash
B08516N13C,Baylis & Harding,Up to 5% back with Amazon Pay ICICI card,612.0,122.0,4.6,213.0,False,,old spice body wash
B08F31QY79,NIVEA,Moisturizing,115.0,92.0,4.3,212.0,False,,old spice body wash
B0057X6ZW2,Dove,Hydrating,,,3.9,211.0,False,,dove men care body wash
B0BSLP23BC,St. D’vence Breezy Brew Body Wash Shower Gel for Women & Men with Coffee & Coconut | Paraben & SLS Free | Exfoliating & Moisturizing Body Wash for Dry Skin - 300 ml,Up to 5% back with Amazon Pay ICICI card,449.0,149.0,4.2,211.0,False,,ustraa body wash
B0BYDR21Z9,Fiama,Soothing,,,4.4,195.0,False,,fiama men body wash
B0C5M1D4ZY,WOW Skin Science,Smoothening,609.0,121.0,4.2,190.0,False,,bombay shaving company body wash
B0FL7SQ5S5,Palmolive,Up to 5% back with Amazon Pay ICICI card,396.0,52.0,4.5,184.0,False,,nivea men body wash
B0FKMCS5XS,Palmolive,Up to 5% back with Amazon Pay ICICI card,370.0,49.0,4.5,184.0,False,,dove men care body wash
B0FFH5MYLQ,ThriveCo,Exfoliating,199.0,84.0,4.0,173.0,False,,beardo body wash
B08JWNG4SB,Old Spice,Up to 5% back with Amazon Pay ICICI card,289.0,598.0,3.9,172.0,False,,old spice body wash
B0FLL7DBBB,BEARDO,Save extra with Cashback,649.0,1.0,4.3,171.0,False,,beardo body wash
B0CWNQSGYY,COS-IQ,Soothing,299.0,149.0,4.6,154.0,False,Limited time deal,bombay shaving company body wash
B0C2VQ1RB1,Just Herbs,ANTI ACNE,323.0,107.0,4.0,153.0,False,,fiama men body wash
B0DT3CKV9G,Dettol,Hydrating,100.0,40.0,4.2,152.0,False,,nivea men body wash
B0BHTT3RCB,AXE,"Moisturizing,Nourishing",162.0,40.0,4.2,151.0,False,,old spice body wash
B0BSNQ2WTD,mcaffeine,Tan Removal,219.0,219.0,4.0,150.0,False,,bombay shaving company body wash
B00MP7L6BI,Dove,Moisturizing,1538.0,384.0,4.1,141.0,False,,dove men care body wash
B00MP7L93I,"Dove Men + Care Body and Face Wash Clean Comfort, 18 OZ",2% off coupon appliedSave 2%with coupon,2690.0,505.0,4.5,139.0,False,,dove men care body wash
B0BKPQNB9G,The Man Company,Detoxifying,188.0,94.0,4.2,133.0,False,,ustraa body wash
B0C89VGN9G,The Man Company,Hydrating,328.0,82.0,4.2,133.0,False,,the man company body wash
B07V4PZ8KG,Nivea,Cleansing,289.0,448.0,4.5,132.0,False,,nivea men body wash
B0DGKZ3CZQ,BEARDO,Save extra with Cashback,691.0,276.0,4.3,131.0,False,,beardo body wash
B0CJ5525TB,Muuchstac,Hydrating,118.0,64.0,3.8,130.0,False,,ustraa body wash
B0DM656SPD,St. D’vence Summer Blend Salicylic Acid Body Wash Shower Gel for Women & Men with Fresh Banana & Passionfruit | Tan Removal Body Wash for Winter | Paraben & SLS Free - 700 ml,Up to 5% back with Amazon Pay ICICI card,699.0,99.0,4.2,130.0,False,,ustraa body wash
B0FKZFS9YG,Dermalist,Up to 5% back with Amazon Pay ICICI card,319.0,130.0,4.1,130.0,False,,the man company body wash
B0DLBHR6Q5,Mamaearth,Up to 5% back with Amazon Pay ICICI card,298.0,59.0,4.2,128.0,False,,bombay shaving company body wash
B0BHTSB7P5,AXE,"Moisturizing,Nourishing",152.0,38.0,4.4,126.0,False,,beardo body wash
B0BHTRRTPC,Vaseline,Hydrating,660.0,66.0,4.4,125.0,False,,nivea men body wash
B07PVSWLQG,NIVEA,Moisturizing,320.0,128.0,4.2,121.0,False,,nivea men body wash
B09XF7FZZX,MAN ARDEN,Luxury Body Wash,649.0,259.0,4.3,118.0,False,,the man company body wash
B09YCM729J,MAN ARDEN,"Cleansing,Nourishing",499.0,199.0,4.3,118.0,False,,ustraa body wash
B0FQWB6T63,Skin Elements,Long lasting freshness,349.0,349.0,4.3,118.0,False,Limited time deal,the man company body wash
B0DKXBKV4R,BEARDO,"Tue, 17 Mar",170.0,85.0,4.2,116.0,False,,fiama men body wash
B07V7ZMGFH,Fiama,Moisturizing,216.0,407.0,4.5,115.0,False,,fiama men body wash
B0CCYVW9PW,Bombay Shaving Company,Anti-Aging,299.0,119.0,4.0,110.0,False,,the man company body wash
B09KXS2WJS,MAN CODE,2% off coupon appliedSave 2%with coupon,199.0,44.0,4.1,108.0,False,,the man company body wash
B0F3DHRJKS,BELLAVITA,Up to 5% back with Amazon Pay ICICI card,289.0,115.0,4.4,106.0,False,,ustraa body wash
B0F37X1Q9N,BELLAVITA,No featured offers available,,,4.4,106.0,False,,bombay shaving company body wash
B07V6X44DT,Fiama,Smoothening,387.0,948.0,4.4,104.0,False,,fiama men body wash
B0DG5LSTH7,BEARDO,Up to 5% back with Amazon Pay ICICI card,612.0,696.0,4.5,98.0,False,,beardo body wash
B002TSA91G,Dove,Moisturizing,7914.0,495.0,4.1,96.0,False,,dove men care body wash
B0F84DVFH4,BEARDO,Save extra with Cashback,207.0,103.0,4.7,95.0,False,,beardo body wash
B0FVW7G3BH,mcaffeine,2% off coupon appliedSave 2%with coupon,698.0,116.0,4.4,86.0,False,,nivea men body wash
B07S8N2TSV,Fiama,Moisturizing,190.0,347.0,4.3,82.0,False,,fiama men body wash
B08FJDYVZQ,BEARDO,Save extra with Cashback,728.0,242.0,4.1,82.0,False,,beardo body wash
B0FDQYW6V4,The Body Shop,Relaxing,336.0,395.0,4.5,82.0,False,,beardo body wash
B0CVWVLV29,Forest Essentials,Up to 5% back with Amazon Pay ICICI card,475.0,47500.0,4.2,81.0,False,,old spice body wash
B07Q15ZHY5,NIVEA,Moisturizing,,,3.6,81.0,False,,nivea men body wash
B015HN7R7S,NIVEA,Cleansing,6923.0,1385.0,4.2,78.0,False,,nivea men body wash
B0030443QK,Dove Men Body and Face Wash Clean Comfort 250ml,Moisturizing,2212.0,884.0,4.5,78.0,False,,dove men care body wash
B0899ZM7FX,Kimirica,Up to 5% back with Amazon Pay ICICI card,499.0,166.0,4.2,78.0,False,,old spice body wash
B0B2P4JMXQ,KIMIRICA,"hydrating,moisturizing",382.0,127.0,4.3,75.0,False,,old spice body wash
B0F3V7MPK3,Gush,Up to 5% back with Amazon Pay ICICI card,599.0,299.0,4.6,75.0,False,,old spice body wash
B01CGEO6A2,NIVEA,Up to 5% back with Amazon Pay ICICI card,249.0,99.0,4.0,75.0,False,,nivea men body wash
B0D8YKWB1X,Old Tree,for bathing,872.0,17.0,4.1,74.0,False,,old spice body wash
B0G2BF4DHX,Multani,Body Cleansing,122.0,45.0,4.4,73.0,False,,beardo body wash
B0CVX1B1Z1,Forest Essentials,Up to 5% back with Amazon Pay ICICI card,1650.0,165000.0,4.6,72.0,False,,old spice body wash
B0C3387MGK,Ustraa,Fresh,284.0,113.0,3.9,68.0,False,Limited time deal,ustraa body wash
B0CCJF69P9,The Man Company,Up to 5% back with Amazon Pay ICICI card,899.0,2596.0,4.2,67.0,False,,the man company body wash
B0F3P5BFMW,Dermafique,Hydrating,198.0,79.0,4.3,64.0,False,,bombay shaving company body wash
B07V4QFPYW,Nivea,Hydrating,305.0,474.0,4.3,64.0,False,,nivea men body wash
B09KXPR7M2,"Mancode Activated Charcoal Body Wash For Men 450ml, Shower Gel For Men, Bodywash Men, Body Wash For Men, Oil Control, Active Charcoal and Natural Oils Extract, Odor Protection",2% off coupon appliedSave 2%with coupon,225.0,50.0,3.9,62.0,False,,ustraa body wash
B0FN5VZDNT,"WildOak AHA BHA Exfoliating Body Wash | 750ml Value Pack | Salicylic, Mandelic, Glycolic Acid & Probiotics | Shower Gel | Body Acne, Strawberry Skin, Ingrown Hair & Uneven Texture | Non-Drying Formula",Exfoliating,399.0,53.0,4.0,61.0,False,,beardo body wash
B0DS52G9GC,Arata,5% off coupon appliedSave 5%with coupon,449.0,74.0,3.8,61.0,False,,bombay shaving company body wash
B07VKM2HR5,NIVEA,"Moisturizing, Nourishing",380.0,63.0,4.4,61.0,False,Supersaver,nivea men body wash
B01HBA487W,Fiama,No featured offers available,,,3.8,60.0,False,,fiama men body wash
B0CLYJSP21,Vedic Valley,Soothing,704.0,234.0,4.2,58.0,False,Ends in,ustraa body wash
B0CLYK9WZY,Vedic Valley,Hydrating,704.0,234.0,4.2,58.0,False,Ends in,fiama men body wash
B07D9GF1NW,NIVEA,Up to 5% back with Amazon Pay ICICI card,149.0,149.0,4.3,54.0,False,Supersaver,nivea men body wash
B0DVZKX8MX,The Man Company,Cleansing,999.0,2755.0,4.2,53.0,False,,the man company body wash
B01ITPHBAO,Old Spice,Up to 5% back with Amazon Pay ICICI card,994.0,248.0,4.5,53.0,False,,old spice body wash
B0C27SMKM5,Ustraa,Up to 5% back with Amazon Pay ICICI card,279.0,223.0,4.1,52.0,False,,ustraa body wash
B0CB5TCY64,NIVEA,Moisturizing,889.0,177.0,4.2,52.0,False,,nivea men body wash
B0DNZR1543,RIVONA NATURALS,Hydrating,379.0,151.0,4.3,51.0,False,Limited time deal,dove men care body wash
B0FFBBQQKS,VILLAIN,Skin Cleansing,299.0,119.0,4.4,48.0,False,,dove men care body wash
B0FFBHNV9Q,VILLAIN,Skin Cleansing,299.0,119.0,4.4,48.0,False,,ustraa body wash
B07STTD8M2,Nivea,Cleansing,348.0,542.0,4.5,46.0,False,,nivea men body wash
B0FHG7JJVN,Fiama,Rejuvenating,959.0,1599.0,5.0,46.0,False,,fiama men body wash
B07Q15ZGK5,NIVEA,Moisturizing,240.0,96.0,3.5,45.0,False,,nivea men body wash
B0FN5JGVQL,"WildOak Fitkari & Epsom Salt Body Wash | 750 ml Value Pack | Added Hyaluronic Acid, Probiotics & Ceramides | Shower Gel for Odor Control, Muscle Relaxation, Skin-Mind Purifying & Post-Workout Recovery",Up to 5% back with Amazon Pay ICICI card,390.0,52.0,3.6,44.0,False,,beardo body wash
B0DW46635Y,Bath and Body Works Into The Night Body Wash |295 ml / 10 fl oz |Body Wash|Woodsy Fragrance|For Women,Up to 5% back with Amazon Pay ICICI card,898.0,397.0,4.6,44.0,False,Limited time deal,bombay shaving company body wash
B0C5DPD8YG,"Blood Orange Energizing Daily Body Wash | Brightens, Renews & Repairs | Hydrates Up to 8 Hours | 100% Natural, Vegan, Sulphate & Paraben Free | For All Skin Types | 300 ml",Brightening,555.0,185.0,4.1,43.0,False,Limited time deal,bombay shaving company body wash
B0BSLNRB39,ST. D'VENCÉ,Up to 5% back with Amazon Pay ICICI card,449.0,149.0,4.0,43.0,False,,ustraa body wash
B00JFV2XC8,Dove,2% off coupon appliedSave 2%with coupon,6647.0,624.0,4.2,43.0,False,,dove men care body wash
B0D679RM2D,Naija Organics,5% off coupon appliedSave 5%with coupon,717.0,358.0,4.0,42.0,False,Limited time deal,the man company body wash
B07DCPZ37V,Fiama,Smoothening,,,4.3,41.0,False,,fiama men body wash
B00HT03SJY,NIVEA,Up to 5% back with Amazon Pay ICICI card,149.0,149.0,4.1,40.0,False,Supersaver,nivea men body wash
B0C8D1RZYC,Botanic Hearth,Moisturizing,311.0,126.0,4.0,38.0,False,,bombay shaving company body wash
B07V4QH2WD,Nivea,Cleansing,439.0,474.0,4.3,38.0,False,,nivea men body wash
B0DHX4YMD4,Mamaearth,Detoxification,626.0,75.0,3.9,37.0,False,Limited time deal,ustraa body wash
B0CDWR1ZPC,Old Spice,Up to 5% back with Amazon Pay ICICI card,999.0,249.0,4.5,34.0,False,,old spice body wash
B09YHTZJR3,Nivea,Cleansing,365.0,568.0,3.9,34.0,False,,nivea men body wash
B0DBR6Z5TP,NARH,Up to 5% back with Amazon Pay ICICI card,442.0,294.0,3.9,33.0,False,,bombay shaving company body wash
B0D4F4TD81,Bodify,Vitamin C Brightening,239.0,47.0,4.1,33.0,False,Limited time deal,bombay shaving company body wash
B0CFVST59B,The Man Company,Brightening,377.0,94.0,3.8,32.0,False,,bombay shaving company body wash
B0CD83JLJB,Bombay Shaving Company,cleansing,379.0,252.0,4.4,31.0,False,,bombay shaving company body wash
B0FXXCVNSL,Freeskin,softening,349.0,46.0,4.9,31.0,False,,ustraa body wash
B01329XE2Q,NIVEA MEN,freshening,5124.0,341.0,4.6,30.0,False,,nivea men body wash
B0FHB2JKR6,WildOak 2.5% Benzoyl Peroxide Acne Face Body Wash | 450ml Value Pack | Kills 99.99% Acne Germs | Fights Severe Bacne | Unclogs Pores & Prevents Breakouts | Scientifically Proven Non-Drying Formula,Acne Prevention,399.0,53.0,3.6,30.0,False,Limited time deal,beardo body wash
B07S7R626P,Dove,Moisturizing,275.0,34.0,4.4,29.0,False,Supersaver,old spice body wash
B07P1BH4NK,Fiama,Moisturizing,,,4.0,29.0,False,,fiama men body wash
B0183C3FBM,NIVEA,Moisturizing,105.0,350.0,4.1,28.0,False,,nivea men body wash
B07QB62547,Biotique,Hydrating,136.0,68.0,4.3,27.0,False,,beardo body wash
B00CV1MMDY,Biotique,Cleansing,480.0,60.0,4.3,27.0,False,,fiama men body wash
B0DYYN87CN,Biotique,"Brightening, Soothing",174.0,58.0,4.3,27.0,False,,bombay shaving company body wash
B00791CX6W,Biotique,Cleansing,123.0,64.0,4.3,27.0,False,,ustraa body wash
B0DW45WMT4,Bath and Body Works Gingham Body Wash |295 ml / 10 fl oz |Body Wash|Fresh Fragrance|For Women,Up to 5% back with Amazon Pay ICICI card,898.0,218.0,4.2,26.0,False,Limited time deal,bombay shaving company body wash
B0DHVRYT28,Old Spice,Up to 5% back with Amazon Pay ICICI card,478.0,897.0,3.9,26.0,False,,old spice body wash
B0CVQFHXXG,Bath & Body Works,Up to 5% back with Amazon Pay ICICI card,899.0,89900.0,4.2,26.0,False,,old spice body wash
B00OQ1ZKO0,NIVEA MEN,Hydrating,5622.0,391.0,4.6,25.0,False,,nivea men body wash
B0D4F6DY8J,Bodify,Marine Extract,239.0,47.0,3.8,25.0,False,Limited time deal,bombay shaving company body wash
B00K2TWSLS,NIVEA,Freshening,165.0,66.0,4.4,24.0,False,,nivea men body wash
B0FW4KN1T8,Kitcoz,Up to 5% back with Amazon Pay ICICI card,349.0,139.0,4.9,24.0,False,,beardo body wash
B00XRJBOBA,NIVEA MEN,Cleansing,199.0,79.0,4.2,23.0,False,,old spice body wash
B0F8JC44BH,COCKY,5% off coupon appliedSave 5%with coupon,546.0,182.0,4.5,23.0,False,,beardo body wash
B07Y8TVKQC,Pears,Moisturizing,102.0,40.0,4.3,23.0,False,,ustraa body wash
B0DJT4TG61,Bath & Body Works,Up to 5% back with Amazon Pay ICICI card,759.0,862.0,4.0,21.0,False,,old spice body wash
B0F9F2CKP3,Dove,Up to 5% back with Amazon Pay ICICI card,168.0,56.0,4.3,21.0,False,,dove men care body wash
B082T9ZFDK,NIVEA,Hydrating,314.0,52.0,4.4,21.0,False,Supersaver,nivea men body wash
B07FKM5LZT,Pears,Moisturizing,105.0,42.0,4.3,20.0,False,,ustraa body wash
B00JF2FO7I,Dove,CLEANSING,4789.0,450.0,4.2,19.0,False,,dove men care body wash
B0FHBGFBCB,BEARDO,Up to 5% back with Amazon Pay ICICI card,477.0,106.0,3.7,19.0,False,,bombay shaving company body wash
B00H6QO6UQ,Dove,2% off coupon appliedSave 2%with coupon,5733.0,716.0,4.2,19.0,False,,dove men care body wash
B09DDD3JXX,Dove Men+Care,CLEANSING,999.0,187.0,4.6,19.0,False,Amazon's,dove men care body wash
B00LS9TQXY,Dove,CLEANSING,4610.0,4610.0,4.5,19.0,False,,dove men care body wash
B00X9UOCEI,NIVEA,Oil Control,256.0,170.0,4.1,18.0,False,Supersaver,nivea men body wash
B0FKT2KHTC,WOW Skin Science,Hydrating,238.0,86.0,5.0,18.0,False,Limited time deal,ustraa body wash
B0DBHN2ZMT,mcaffeine,Up to 5% back with Amazon Pay ICICI card,588.0,73.0,3.5,17.0,False,,bombay shaving company body wash
B01KZ8P8G2,Palmolive,Cleansing,247.0,32.0,4.4,17.0,False,Supersaver,nivea men body wash
B07V6WJPCF,Nivea,"Cleansing, Glow",315.0,524.0,3.8,17.0,False,,nivea men body wash
B0FD3XKXP5,"Daybreak Brightening Bodywash Cleanser for Men, 470ml | Niacinamide & Vitamin C, Saffron Extract| Paraben & SLS Free | Body Wash Shower Gel for Women| Prevents tan, dull, dehydrated Skin",10% off coupon appliedSave 10%with coupon,1250.0,265.0,3.8,17.0,False,,old spice body wash
B0C33F5NN7,Ustraa,"Antioxidant,Hydrating",284.0,113.0,4.1,16.0,False,Limited time deal,ustraa body wash
B07VL3L2KZ,Pears,Brightening,126.0,50.0,4.2,15.0,False,,ustraa body wash
B0F2SLPR3W,Bombay Shaving Company,Up to 5% back with Amazon Pay ICICI card,249.0,24900.0,4.6,14.0,False,,bombay shaving company body wash
B00G4UECW2,Old Spice,Up to 5% back with Amazon Pay ICICI card,255.0,25500.0,4.4,14.0,False,,old spice body wash
B00NU0JS1O,NIVEA,"cleansing, hydrating",482.0,96.0,4.3,13.0,False,,fiama men body wash
B0DXF3PPPZ,The Man Company,Gift set for men,878.0,1579.0,3.6,13.0,False,,the man company body wash
B00N0YFMJM,NIVEA,CLEANSERS,565.0,113.0,4.3,13.0,False,,nivea men body wash
B00E96N78I,NIVEA,Moisturizing,165.0,66.0,4.4,13.0,False,Supersaver,nivea men body wash
B0017IMOL2,NIVEA,Moisturizing,326.0,130.0,4.4,13.0,False,,nivea men body wash
B074CN5CTX,The Body Shop,Up to 5% back with Amazon Pay ICICI card,375.0,150.0,4.4,12.0,False,,the man company body wash
B01FX43MS4,The Body Shop,Moisturizing,356.0,142.0,4.4,12.0,False,,old spice body wash
B0G1T7DRJZ,"2% Salicylic Acid Hydrating Body Wash | Prevents Body Acne, Breakouts & Smooths Rough, Bumpy Skin | Exfoliating Shower Gel with Centella Asiatica & Vitamin E | Sulfate & Paraben Free | 200ml",3% off coupon appliedSave 3%with coupon,375.0,187.0,4.4,12.0,False,,nivea men body wash
B07VQFXKR1,Pears,Detoxifying,153.0,61.0,4.3,12.0,False,,ustraa body wash
B06ZY81GGQ,Fiama,Radiant,199.0,49.0,4.3,11.0,False,Supersaver,fiama men body wash
B00Q355BQO,Fiama,Moisturizing,98.0,39.0,4.3,11.0,False,,nivea men body wash
B07LB9KB8P,VIVEL,Moisturizing,79.0,19.0,4.2,11.0,False,,fiama men body wash
B0CMTPQ59R,VIVEL,Moisturizing,,,4.2,11.0,False,,old spice body wash
B09KHJ38HJ,Pears,Smoothening,275.0,36.0,4.4,11.0,False,Supersaver,the man company body wash
B0F93K5Y1C,BEARDO,Up to 5% back with Amazon Pay ICICI card,626.0,1173.0,3.4,11.0,False,,beardo body wash
B0B9R97B8J,Fiama,Hydrating,242.0,518.0,4.3,11.0,False,,fiama men body wash
B07NDS9Z83,Liril,Soothing,139.0,55.0,4.2,10.0,False,,fiama men body wash
B0F3DGBX4T,Be Bodywise,Acne Prevention,399.0,159.0,4.2,10.0,False,,old spice body wash
B09SLYBCGW,Be Bodywise,Up to 5% back with Amazon Pay ICICI card,349.0,139.0,4.2,10.0,False,,fiama men body wash
B077GSDMNB,NIVEA,cleansing,266.0,53.0,4.3,10.0,False,,fiama men body wash
B0DYNY2KSY,NIVEA,cleansing,774.0,51.0,4.3,10.0,False,,nivea men body wash
B012WIPM1Y,Nivea,Hydrating,240.0,96.0,4.8,10.0,False,,nivea men body wash
B0FL2GZLHV,Be Bodywise,Save extra with Cashback,699.0,99.0,4.2,10.0,False,,beardo body wash
B07XTSQT4R,Dettol,Hydrating,110.0,44.0,4.2,9.0,False,,fiama men body wash
B0FJ1XXCS5,Bath & Body Works,Hydrating,899.0,304.0,4.8,9.0,False,,the man company body wash
B07V3QLYMS,Fiama,Moisturizing,216.0,458.0,4.2,9.0,False,,fiama men body wash
B09VPM5RP4,Chemist at Play,Save extra with Cashback,348.0,147.0,4.3,9.0,False,Supersaver,beardo body wash
B0948PSH1Y,Fiama,Smoothening,216.0,407.0,4.4,9.0,False,,fiama men body wash
B07MQFBR19,Dove,Savings,727.0,181.0,3.0,9.0,False,,dove men care body wash
B0963HC3S8,BEARDO,Oil Control,264.0,132.0,4.0,9.0,False,,beardo body wash
B0G6F92FGW,Arabian Aroma,Blue Ocean,299.0,1.0,5.0,9.0,False,,beardo body wash
B01KZ8P7AE,Palmolive,Cleansing,287.0,38.0,4.4,8.0,False,Supersaver,fiama men body wash
B0C3LVB3NL,Ustraa,Up to 5% back with Amazon Pay ICICI card,628.0,358.0,3.6,8.0,False,Limited time deal,ustraa body wash
B0FL81HRNY,Bath & Body Works,Up to 5% back with Amazon Pay ICICI card,899.0,304.0,5.0,8.0,False,,old spice body wash
B01I1Q921W,NIVEA,cleansing,530.0,550.0,4.5,8.0,False,,nivea men body wash
B0FGDNDNMD,Boericke & Tafel,Up to 5% back with Amazon Pay ICICI card,455.0,140.0,4.8,8.0,False,,the man company body wash
B07XLMQKNT,Dettol,Acne Prevention,104.0,41.0,4.2,7.0,False,,fiama men body wash
B0948FPN9Z,Fiama,Moisturizing,216.0,458.0,4.5,7.0,False,,fiama men body wash
B07QD4F5S1,Biotique,Nourishing,132.0,66.0,4.2,7.0,False,Supersaver,nivea men body wash
B0932R8ZGD,Dove,Nourishing,331.0,40.0,4.4,7.0,False,Supersaver,bombay shaving company body wash
B002TSA90C,Dove Men+Care,Cleansing,4510.0,1127.0,4.5,7.0,False,,dove men care body wash
B0FJ21SHRN,Bourbon Body Wash,Hydrating,899.0,304.0,3.6,7.0,False,,old spice body wash
B07JNH9W9J,The Man Company,Moisturizing,258.0,516.0,4.0,6.0,False,,the man company body wash
B00372FOXQ,"Dove Men And Care Body And Face Wash, Extra Fresh, 13.5 Ounce",SKIN CARE,1712.0,428.0,4.7,6.0,False,,dove men care body wash
B07D9LKB18,NIVEA,Cleansing,263.0,105.0,4.2,6.0,False,Supersaver,the man company body wash
B09PZZBJ1J,Dove,"Moisturizing,Nourishing",1299.0,176.0,4.4,6.0,False,,dove men care body wash
B07LB3SJ4P,VIVEL,Revitalizing,79.0,19.0,4.3,6.0,False,,fiama men body wash
B06ZY81J2Z,Fiama,Smoothening,220.0,44.0,4.3,6.0,False,,fiama men body wash
B0BCKMZY1V,BEARDO,Brightening,269.0,134.0,4.0,6.0,False,Supersaver,beardo body wash
B0DCW8CHNJ,BEARDO,Save extra with Cashback,573.0,220.0,4.0,6.0,False,,beardo body wash
B00Q355H1S,Fiama,Moisturizing,98.0,39.0,4.4,5.0,False,,fiama men body wash
B0F48QQMCJ,Chemist at Play,Exfoliating,299.0,126.0,4.2,5.0,False,,ustraa body wash
B071DGPRM3,Fiama,Moisturizing,179.0,35.0,4.3,5.0,False,Supersaver,fiama men body wash
B00C92T37S,NIVEA,Cleansing,166.0,66.0,4.3,5.0,False,Supersaver,beardo body wash
B00GZG6SSG,Palmolive,"Moisturizing,Nourishing",179.0,71.0,4.4,5.0,False,Supersaver,old spice body wash
B0F48NHTVT,Chemist at Play,Exfoliating,299.0,126.0,4.2,5.0,False,,the man company body wash
B0F8NX5QPM,Chemist at Play,Brightening,599.0,126.0,4.2,5.0,False,,beardo body wash
B09R4WF6J5,Dove,Nourishing,141.0,56.0,4.3,5.0,False,,old spice body wash
B0CQ295WZ3,Chemist at Play,Hydrating,279.0,118.0,4.2,5.0,False,,old spice body wash
B09KHFWNBF,Pears,Smoothening,294.0,39.0,4.4,5.0,False,Supersaver,old spice body wash
B07XVQ1Q75,BEARDO,brightening,152.0,76.0,4.1,4.0,False,Supersaver,nivea men body wash
B098LR2L3K,Fiama,Radiant,239.0,26.0,4.3,4.0,False,Supersaver,fiama men body wash
B0GK6RLLC9,"Hula Hoop 8% De-Tan Body Wash by Foxtale | Removes Tan & Reduces Pigmentation | With Niacinamide, Glycolic Acid, & Calendula Extract | For All Skin Types | 250 ml",Tan Removal,327.0,130.0,5.0,4.0,False,,beardo body wash
B0821C83HG,WOW Skin Science,Smoothening,,,4.0,4.0,False,,bombay shaving company body wash
B0CGLR5MTR,Bella Vita Luxury,Save extra with Cashback,308.0,61.0,4.2,4.0,False,,beardo body wash
B0G527CJ51,MACHISMO,Up to 5% back with Amazon Pay ICICI card,349.0,34900.0,2.5,4.0,False,,beardo body wash
B08CFN5GYZ,Palmolive,ph balancing,330.0,44.0,4.4,4.0,False,Supersaver,fiama men body wash
B0F8NSXN1K,BEARDO,Tan Removal,335.0,67.0,4.1,4.0,False,,dove men care body wash
B01N5J79VE,Dove Men+Care,CLEANSING,,,4.7,4.0,False,,dove men care body wash
B083WXNWYN,Old Spice,Up to 5% back with Amazon Pay ICICI card,200.0,142.0,3.9,4.0,False,,old spice body wash
B085LZH7VZ,NIVEA,Up to 5% back with Amazon Pay ICICI card,361.0,90.0,4.3,4.0,False,,nivea men body wash
B083WYHV1V,Old Spice,Up to 5% back with Amazon Pay ICICI card,149.0,106.0,3.9,4.0,False,,old spice body wash
B0017IMON0,NIVEA,Cleansing,149.0,59.0,4.3,4.0,False,,fiama men body wash
B0C1G41LY3,Old Spice,Up to 5% back with Amazon Pay ICICI card,195.0,139.0,3.9,4.0,False,Supersaver,old spice body wash
B0FJ1ZN2RK,Noir Body Wash,Hydrating,899.0,304.0,4.7,4.0,False,,ustraa body wash
B007E9JMYU,NIVEA MEN,pH Balancing,149.0,59.0,4.3,3.0,False,,beardo body wash
B08BL4FQB3,Plum,2% off coupon appliedSave 2%with couponDetails,285.0,118.0,4.3,3.0,False,Supersaver,fiama men body wash
B09XXZCPBN,The Derma Co,Acne Prevention,244.0,97.0,4.1,3.0,False,Supersaver,bombay shaving company body wash
B0BRN6VQB4,LUX,Up to 5% back with Amazon Pay ICICI card,163.0,40.0,4.1,3.0,False,,beardo body wash
B0DYYM5DM1,Biotique,"Brightening, Soothing",174.0,58.0,4.2,3.0,False,,beardo body wash
B07PWWGH1F,Fiama,rejuvenating,145.0,225.0,4.2,3.0,False,,fiama men body wash
B07NP1J4KL,Bombay Shaving Company,Blackhead Removal,151.0,151.0,4.0,3.0,False,Supersaver,bombay shaving company body wash
B083WXSC3X,Old Spice,Up to 5% back with Amazon Pay ICICI card,149.0,106.0,3.9,3.0,False,,old spice body wash
B0DN9PQQFJ,"Niacinamide & Oud Body Wash with Aloe Vera & Vitamin E | Brightening & Moisturising Shower Gel | Balances Oil, Reduces Dullness & Evens Tone | Luxurious Oud Fragrance | Sulphate-Free, Vegan, Cruelty-Free | For Men & Women | 300 ml",Up to 5% back with Amazon Pay ICICI card,149.0,49.0,4.6,3.0,False,,ustraa body wash
B07QGCPZ8V,Biotique,Revitalizing,143.0,71.0,4.2,3.0,False,,nivea men body wash
B0BR88X4GZ,Old Spice,Up to 5% back with Amazon Pay ICICI card,686.0,171.0,2.3,3.0,False,,old spice body wash
B0DXFLRC1F,"Body Wash Combo Pack of 2 | Niacinamide Oud for Oil Control & Pores + Vitamin C with Yuzu for Dullness & Sun Damage | Brightening, Moisturising & Oil-Balancing Shower Gel Set with Luxury Oud & Floral Fragrance | Sulphate-Free, Vegan, Cruelty-Free | For Men & Women | 300 ml x 2",Up to 5% back with Amazon Pay ICICI card,299.0,49.0,4.6,3.0,False,,ustraa body wash
B00Q354D18,Fiama,Smoothening,,,4.2,3.0,False,,fiama men body wash
B0C61VKYKH,Hipster,body wash,225.0,90.0,5.0,3.0,False,,bombay shaving company body wash
B08CFMFVB5,Palmolive,Up to 5% back with Amazon Pay ICICI card,363.0,48.0,4.3,3.0,False,Supersaver,ustraa body wash
B0D2L15LPW,Arata,Up to 5% back with Amazon Pay ICICI card,479.0,95.0,4.2,2.0,False,,beardo body wash
B0FNW4PYQG,Dabur,Up to 5% back with Amazon Pay ICICI card,188.0,37.0,4.2,2.0,False,,the man company body wash
B01EJ8T9EG,L'Oreal Paris Men's Expert Total Clean Carbon 5 In 1 Shower Gel (300 ml),Cleansing,647.0,215.0,4.3,2.0,False,,ustraa body wash
B0FJ8FS9TV,Old Spice,Savings,790.0,197.0,5.0,2.0,False,,old spice body wash
B0CKX82DRL,Arata,Up to 5% back with Amazon Pay ICICI card,254.0,84.0,4.2,2.0,False,,bombay shaving company body wash
B09L8CP9Q4,Liril,Up to 5% back with Amazon Pay ICICI card,276.0,36.0,4.3,2.0,False,Supersaver,fiama men body wash
B0BHV82T31,Dove,Up to 5% back with Amazon Pay ICICI card,474.0,47.0,4.3,2.0,False,Supersaver,dove men care body wash
B0FLLWFRLP,BEARDO,Up to 5% back with Amazon Pay ICICI card,399.0,133.0,5.0,2.0,False,,ustraa body wash
B09KHFW8K9,LUX,softening,248.0,33.0,4.2,2.0,False,Supersaver,fiama men body wash
B0BSN7LHC4,Minimalist,Up to 5% back with Amazon Pay ICICI card,296.0,148.0,4.2,2.0,False,,dove men care body wash
B00372DYFQ,"Dove Men Plus Care Body Wash, Deep Clean, 13.5 Ounce",Cleansing,2690.0,672.0,4.6,2.0,False,,dove men care body wash
B0CMTQBNQT,VIVEL,Moisturizing,300.0,20.0,4.2,2.0,False,,fiama men body wash
B0CJLY8XS3,Dabur,CLEANSING,88.0,35.0,4.2,2.0,False,,bombay shaving company body wash
B0GDQWGN35,Dermalist,Up to 5% back with Amazon Pay ICICI card,345.0,34500.0,5.0,2.0,False,,the man company body wash
B08CFPCVR4,Palmolive,Moisturizing,330.0,44.0,4.4,2.0,False,,ustraa body wash
B0BNNLCG3Q,Dove,Soothing,354.0,44.0,4.3,2.0,False,,dove men care body wash
B0FM8PJJ3R,"Battle Ready 5-in-1, 5% Body Wash For Men | 1% Salyilic Acid + Sea Weed Extracts + Vitamin B12 & E | PLANT BASED | Removes Body Acne, DeTan, Anti Dandruff |",Up to 5% back with Amazon Pay ICICI card,299.0,119.0,5.0,2.0,False,,ustraa body wash
B001G60EI0,L'Occitane,Anti-Aging,1935.0,774.0,4.4,2.0,False,,bombay shaving company body wash
B0F8NYT1SB,BEARDO,Acne Prevention,249.0,49.0,4.1,1.0,False,,the man company body wash
B0BHTTSMZV,Dove,Up to 5% back with Amazon Pay ICICI card,339.0,33.0,4.3,1.0,False,Supersaver,dove men care body wash
B0BKPS7RCL,The Man Company,Moisturizing,246.0,123.0,3.9,1.0,False,,the man company body wash
B0DV5NL84L,mcaffeine,2% off coupon appliedSave 2%with coupon,300.0,100.0,4.2,1.0,False,,old spice body wash
B0FH2Q8PT3,mcaffeine,"Brightening, Tan Removal",380.0,126.0,4.5,1.0,False,,the man company body wash
B0BHTR93TV,AXE,Moisturizing,96.0,38.0,4.0,1.0,False,,beardo body wash
B01NCJG8B7,Dove Men+Care,Up to 5% back with Amazon Pay ICICI card,1811.0,473.0,4.7,1.0,False,,dove men care body wash
B0CK4X77Y9,Lacto Calamine,Moisturizing,181.0,72.0,4.2,1.0,False,Supersaver,old spice body wash
B076BTRZMV,ST. D'VENCE Tea Tree Body Wash Shower Gel for Women & Men with Eucalyptus & Peppermint Oil | Anti Bacterial & Detan Body Wash - 500ml,Up to 5% back with Amazon Pay ICICI card,699.0,139.0,4.2,1.0,False,,the man company body wash
B09JCCL6JR,Plum,2% off coupon appliedSave 2%with coupon,285.0,118.0,4.4,1.0,False,,the man company body wash
B0DW447L8R,Bath and Body Works Into The Night Travel Size Body Wash |88 ml / 3 fl oz |Travel Size Body Wash|Woodsy Fragrance|Unisex,Up to 5% back with Amazon Pay ICICI card,759.0,862.0,4.0,1.0,False,,bombay shaving company body wash
B0BHTSDY7S,AXE,Moisturizing,96.0,38.0,4.2,1.0,False,,old spice body wash
B0FHF329YG,BEARDO,Save extra with Cashback,379.0,189.0,4.1,1.0,False,,beardo body wash
B0FHDZT62N,BEARDO,Save extra with Cashback,328.0,328.0,4.1,1.0,False,,beardo body wash
B09WYT29RX,BEARDO,Cleansing,206.0,103.0,4.1,1.0,False,,beardo body wash
B07JCNPPVF,BRYAN & CANDY,Hydrating,263.0,87.0,4.1,1.0,False,,ustraa body wash
B0DT3T183L,Dettol,Up to 5% back with Amazon Pay ICICI card,100.0,40.0,4.2,1.0,False,,the man company body wash
B08VDPLL8B,Bombay Shaving Company,Brightening,249.0,124.0,4.0,1.0,False,,bombay shaving company body wash
B00G4UC0JO,NIVEA,Cleansing,190.0,76.0,4.2,1.0,False,,the man company body wash
B01J7EN78G,Fiama,Smoothening,125.0,50.0,4.3,1.0,False,Limited time deal,the man company body wash
B0BHTQPTRK,Dove,Up to 5% back with Amazon Pay ICICI card,461.0,46.0,4.2,1.0,False,,old spice body wash
B0CYC91WVZ,Cinthol,Up to 5% back with Amazon Pay ICICI card,98.0,49.0,4.1,1.0,False,,old spice body wash
B0FHF3257M,BEARDO,Up to 5% back with Amazon Pay ICICI card,408.0,408.0,4.1,1.0,False,,the man company body wash
B0C6Y3JH1M,"The Plant Fix Plix Pineapple 5% Lactic Acid Exfoliating Body Wash For All Skin Types, Paraben-Free Shower Gel, For Dry, Rough & Strawberry Skin, 236 Ml",Moisturizing,269.0,113.0,4.0,1.0,False,,beardo body wash
B0CRR82SVB,Dettol,Up to 5% back with Amazon Pay ICICI card,213.0,42.0,4.3,1.0,False,Supersaver,beardo body wash
B06ZYLMXLX,The Man Company,Up to 5% back with Amazon Pay ICICI card,1299.0,2494.0,4.0,1.0,False,,the man company body wash
B0CM6GSW1K,KOZICARE,Exfoliating,249.0,83.0,4.1,1.0,False,,beardo body wash
B0BHTNWSZF,Dove,Up to 5% back with Amazon Pay ICICI card,379.0,37.0,4.3,1.0,False,,old spice body wash
B0BSNNZVHP,mcaffeine,Hydrating,205.0,102.0,4.1,1.0,False,,beardo body wash
B0CJML5RKL,Dabur,Moisturizing,99.0,39.0,4.3,1.0,False,,beardo body wash
B0CYC7KYSY,Cinthol,Up to 5% back with Amazon Pay ICICI card,93.0,46.0,4.2,1.0,False,,old spice body wash
B0CYC8PPFT,Cinthol,Cleansing,184.0,30.0,4.2,1.0,False,Supersaver,the man company body wash
B0DC6T3FL4,Hula Hoop Brightening Body Wash by Foxtale | Lactic Acid & Niacinamide | Reduces tan from 1st wash | Brightens & Evens Out Skin Tone | Floral Sakura Scent| For Men & Women | 250ml,Brightening,303.0,121.0,4.2,1.0,False,,beardo body wash
B0CFZYWWM4,Dove,Fresh,697.0,174.0,5.0,1.0,False,,dove men care body wash
B0FTG4YDKL,Men+Care Eucalyptus + Mint 3 In1 Hair Body and Face Wash 400 ml,Savings,847.0,211.0,4.0,1.0,False,,dove men care body wash
B0DQDLP75K,"Hula Hoop Exfoliating Body Wash by Foxtale | 2% Salicylic Acid + Zinc PCA | Reduces Body Acne, Strawberry Legs & Tan | Exfoliates & Moisturizes to Reveal Smooth & Bump-free Skin | 250ml",Up to 5% back with Amazon Pay ICICI card,307.0,122.0,4.2,1.0,False,,dove men care body wash
B0CYC8J62L,Cinthol,Cleansing,187.0,31.0,4.1,1.0,False,Supersaver,the man company body wash
B0CQYSDMK2,BEARDO,CLEANSERS,132.0,58.0,3.8,1.0,False,,beardo body wash
B001E9OEIU,Old Spice,Up to 5% back with Amazon Pay ICICI card,389.0,778.0,4.1,1.0,False,,old spice body wash
B09SP8155G,Chemist at Play,Up to 5% back with Amazon Pay ICICI card,639.0,135.0,4.3,1.0,False,Supersaver,ustraa body wash
B0DL64HKYR,PLIX - THE PLANT FIX,Tan Removal,320.0,67.0,4.0,1.0,False,Limited time deal,ustraa body wash
B0FL7YW86D,Imperfect Beauty Body Wash,Up to 5% back with Amazon Pay ICICI card,898.0,304.0,5.0,1.0,False,Limited time deal,bombay shaving company body wash
B0D5QT2KD7,Fiama,Smoothening,242.0,48.0,4.3,1.0,False,,fiama men body wash
B074CLQM1T,The Body Shop,Moisturizing,357.0,142.0,4.5,1.0,False,,bombay shaving company body wash
B082L4WBMD,Bombay Shaving Company,Oil Control,233.0,116.0,4.0,1.0,False,,bombay shaving company body wash
B0893VKGZK,NIVEA,"cleansing, moisturizing",121.0,96.0,4.3,1.0,False,,nivea men body wash
B0C5DPZG26,"Aloe & Coconut Hydrating Daily Body Wash | For Dry & Sensitive Skin | Hydrates, Moisturizes & Soothes | For Supple Skin | Pack of 2 | 300 ml",Up to 5% back with Amazon Pay ICICI card,1138.0,379.0,4.0,1.0,False,,bombay shaving company body wash
B08MQJPWBV,"Bombay Shaving Co Coffee Face Wash for Men & Women - Deep-Cleanses, De-Tans & Blackhead Removal | Made in India",Brightening,169.0,169.0,4.0,1.0,False,,bombay shaving company body wash
B0BRG8WMWK,NIVEA,Up to 5% back with Amazon Pay ICICI card,462.0,,5.0,1.0,False,,nivea men body wash
B0C5RMBL8C,The Derma Co,Up to 5% back with Amazon Pay ICICI card,244.0,97.0,4.1,1.0,False,Limited time deal,bombay shaving company body wash
B0BRG9KXGP,NIVEA,Up to 5% back with Amazon Pay ICICI card,289.0,398.0,5.0,1.0,False,,nivea men body wash
B0759HYKZK,Fiama,Hydrating,125.0,50.0,4.2,1.0,False,Limited time deal,fiama men body wash
B0CPLKS9XL,Fiama,"Cleansing, Glow",119.0,11900.0,4.2,1.0,False,,fiama men body wash
B0CQCWXY8V,Fiama,Up to 5% back with Amazon Pay ICICI card,220.0,398.0,5.0,1.0,False,,fiama men body wash
B0B76YZV6H,Fiama,Up to 5% back with Amazon Pay ICICI card,152.0,40.0,4.4,1.0,False,Supersaver,fiama men body wash
B09R4W8FL3,Dove,Exfoliating,168.0,67.0,4.3,1.0,False,,dove men care body wash
B0BPDKLJPF,Pears,Antioxidant,315.0,42.0,4.4,1.0,False,,fiama men body wash
B0BSNQJ88Y,mcaffeine,Tan Removal,221.0,110.0,4.1,1.0,False,,bombay shaving company body wash
B09R4VYWK9,Dove,Up to 5% back with Amazon Pay ICICI card,191.0,76.0,4.3,1.0,False,,dove men care body wash
B0C2YT62DP,Fiama,Conditioning,165.0,44.0,4.4,1.0,False,,fiama men body wash
B0BNNP833F,Dove,Hydrating,342.0,42.0,4.3,1.0,False,,dove men care body wash
B0C96PZPJB,BEARDO,Oil Control,199.0,199.0,4.1,1.0,False,Supersaver,ustraa body wash
B00LS9TQ9S,Dove,Cleansing,5178.0,1015.0,4.0,1.0,False,,dove men care body wash
B0BNNLGPSH,Dove,Moisturizing,330.0,41.0,4.4,1.0,False,Supersaver,dove men care body wash
B0BHTRS6SP,Dove,Up to 5% back with Amazon Pay ICICI card,332.0,33.0,4.2,1.0,False,Supersaver,dove men care body wash
B0BR88PYBC,Old Spice,Savings,646.0,161.0,1.0,1.0,False,,old spice body wash
B0DP2GCRBY,Fiama,Moisturizing,190.0,38.0,5.0,1.0,False,,fiama men body wash
B0BNNMP4MX,Dove,Soothing,378.0,47.0,4.2,1.0,False,,dove men care body wash
B01HIE3AJI,"DOVE MEN CARE Dove MenCare Shower Tool For Stronger, Healthy-Feeling Skin Active Clean Scrubs and Exfoliates for a Deeper Clean With Body Wash 1 count.",Up to 5% back with Amazon Pay ICICI card,2195.0,2195.0,4.5,1.0,False,,dove men care body wash
B0C81J7L7R,Dove,Menthol,564.0,86.0,4.2,1.0,False,,dove men care body wash
B07V7Z837K,Fiama,Hydrating,315.0,758.0,3.0,1.0,False,,fiama men body wash
B0CQR7JBL2,Bombay Shaving Company,Moisturizing,303.0,101.0,3.9,1.0,False,,bombay shaving company body wash
B0FF4NL1QM,BEARDO,Save extra with Cashback,1110.0,1998.0,,,False,,beardo body wash
B0DYNZBR29,NIVEA,Up to 5% back with Amazon Pay ICICI card,556.0,111.0,,,False,,nivea men body wash
B0DYNXQ5GM,NIVEA,Cleansing,835.0,111.0,,,False,,nivea men body wash
B0C5D82BQ3,Nivea,Moisturizing,269.0,379.0,,,False,,nivea men body wash
B0FVLKV693,Bath & Body Works,Up to 5% back with Amazon Pay ICICI card,899.0,304.0,,,False,,ustraa body wash
B0G668B377,Bath & Body Works,Up to 5% back with Amazon Pay ICICI card,899.0,2299.0,,,False,,ustraa body wash
B0G1KW48PD,The Man Company,Up to 5% back with Amazon Pay ICICI card,548.0,548.0,,,False,,the man company body wash
B0F18VTBW7,The Man Company,Cleansing,356.0,648.0,,,False,,the man company body wash
B0FL81T4MQ,Noir Travel Size Body Wash,Up to 5% back with Amazon Pay ICICI card,829.0,942.0,,,False,,bombay shaving company body wash
B0C5DSL1JZ,"Lavender & Chamomile Calming Daily Body Wash | For All Skin Types | Calms, Relaxes & Balances | For Dull & Mature Skin | Body Wash - (Pack of 2)300ml",Up to 5% back with Amazon Pay ICICI card,1138.0,379.0,,,False,,bombay shaving company body wash
B0G64VLVM3,Smart And Handsome Fresh Maxx™ Shower Gel | Energizes & Hydrates Lasting Freshness | With Black Earl Grey Tea+Mineral Boost Complex™ | 250ml,Up to 5% back with Amazon Pay ICICI card,142.0,56.0,,,False,,bombay shaving company body wash
B0G6LL5BQP,BRAVADO,Nourishing,1015.0,253.0,,,False,,bombay shaving company body wash
B0G656ZR15,Bath & Body Works,Up to 5% back with Amazon Pay ICICI card,899.0,2299.0,,,False,,bombay shaving company body wash
B0CQCZ1QCS,Fiama,Up to 5% back with Amazon Pay ICICI card,314.0,523.0,,,False,,fiama men body wash
B0CQCVGLXV,Fiama,Up to 5% back with Amazon Pay ICICI card,216.0,324.0,,,False,,fiama men body wash
B0F4NDYR9X,Old Spice,Savings,999.0,140.0,,,False,,old spice body wash
B0GN1TBL11,Old Spice,Up to 5% back with Amazon Pay ICICI card,1495.0,149500.0,,,False,,old spice body wash
B0G6GBJGQQ,Arabian Aroma,Old Money,299.0,1.0,,,False,,old spice body wash
